cycle,branch,model,modeldate,candidate_inc,candidate_chal,candidate_3rd,state,step_no,value_inc,value_chal,value_3rd,weight,step_description,timestamp,simulations
2020,President,polls-plus,10/30/2020,Trump,Biden,"",Wyoming,9,66.37826,30.52485,,,Projected vote share,17:26:03 30 Oct 2020,40000
2020,President,polls-plus,10/30/2020,Trump,Biden,"",Wyoming,8,69.61724,27.28586,,.0272714,Blend with economic fundamentals,17:26:03 30 Oct 2020,40000
2020,President,polls-plus,10/30/2020,Trump,Biden,"",Wyoming,7,66.28736,30.61574,,,Snapshot,17:26:03 30 Oct 2020,40000
2020,President,polls-plus,10/30/2020,Trump,Biden,"",Wyoming,6,68.07615,28.82695,,.4095719,Blend with regression,17:26:03 30 Oct 2020,40000
2020,President,polls-plus,10/30/2020,Trump,Biden,"",Wyoming,5,65.0465,31.8566,,,Reallocated vote share,17:26:03 30 Oct 2020,40000
2020,President,polls-plus,10/30/2020,Trump,Biden,"",Wyoming,4,1.782673,1.782673,,,Reallocate undecideds and third-party votes,17:26:03 30 Oct 2020,40000
2020,President,polls-plus,10/30/2020,Trump,Biden,"",Wyoming,3,63.26383,30.07393,,,Adjusted polling average,17:26:03 30 Oct 2020,40000
2020,President,polls-plus,10/30/2020,Trump,Biden,"",Wyoming,2,.0005989,-.0308933,,,Adjust for bounces & recent events,17:26:03 30 Oct 2020,40000
2020,President,polls-plus,10/30/2020,Trump,Biden,"",Wyoming,1,63.26323,30.10482,,,Polling average,17:26:03 30 Oct 2020,40000
2020,President,polls-plus,10/30/2020,Trump,Biden,"",Wyoming,10,.99855,.00145,,,Chance of winning,17:26:03 30 Oct 2020,40000
2020,President,polls-plus,10/30/2020,Trump,Biden,"",Wisconsin,9,45.4459,53.6269,,,Projected vote share,17:26:03 30 Oct 2020,40000
2020,President,polls-plus,10/30/2020,Trump,Biden,"",Wisconsin,8,49.23806,49.83474,,.0272714,Blend with economic fundamentals,17:26:03 30 Oct 2020,40000
2020,President,polls-plus,10/30/2020,Trump,Biden,"",Wisconsin,7,45.32994,53.74286,,,Snapshot,17:26:03 30 Oct 2020,40000
2020,President,polls-plus,10/30/2020,Trump,Biden,"",Wisconsin,6,45.9651,53.10769,,.1307275,Blend with regression,17:26:03 30 Oct 2020,40000
2020,President,polls-plus,10/30/2020,Trump,Biden,"",Wisconsin,5,45.23442,53.83838,,,Reallocated vote share,17:26:03 30 Oct 2020,40000
2020,President,polls-plus,10/30/2020,Trump,Biden,"",Wisconsin,4,1.971386,1.971378,,,Reallocate undecideds and third-party votes,17:26:03 30 Oct 2020,40000
2020,President,polls-plus,10/30/2020,Trump,Biden,"",Wisconsin,3,43.26303,51.867,,,Adjusted polling average,17:26:03 30 Oct 2020,40000
2020,President,polls-plus,10/30/2020,Trump,Biden,"",Wisconsin,2,.0063286,-.0126305,,,Adjust for bounces & recent events,17:26:03 30 Oct 2020,40000
2020,President,polls-plus,10/30/2020,Trump,Biden,"",Wisconsin,1,43.25671,51.87963,,,Polling average,17:26:03 30 Oct 2020,40000
2020,President,polls-plus,10/30/2020,Trump,Biden,"",Wisconsin,10,.063075,.936925,,,Chance of winning,17:26:03 30 Oct 2020,40000
2020,President,polls-plus,10/30/2020,Trump,Biden,"",West Virginia,9,63.1516,35.04416,,,Projected vote share,17:26:03 30 Oct 2020,40000
2020,President,polls-plus,10/30/2020,Trump,Biden,"",West Virginia,8,66.60253,31.59322,,.0272714,Blend with economic fundamentals,17:26:03 30 Oct 2020,40000
2020,President,polls-plus,10/30/2020,Trump,Biden,"",West Virginia,7,63.04008,35.15567,,,Snapshot,17:26:03 30 Oct 2020,40000
2020,President,polls-plus,10/30/2020,Trump,Biden,"",West Virginia,6,65.97213,32.22362,,.3844008,Blend with regression,17:26:03 30 Oct 2020,40000
2020,President,polls-plus,10/30/2020,Trump,Biden,"",West Virginia,5,61.2092,36.98655,,,Reallocated vote share,17:26:03 30 Oct 2020,40000
2020,President,polls-plus,10/30/2020,Trump,Biden,"",West Virginia,4,1.443779,1.443783,,,Reallocate undecideds and third-party votes,17:26:03 30 Oct 2020,40000
2020,President,polls-plus,10/30/2020,Trump,Biden,"",West Virginia,3,59.76542,35.54277,,,Adjusted polling average,17:26:03 30 Oct 2020,40000
2020,President,polls-plus,10/30/2020,Trump,Biden,"",West Virginia,2,-.0002556,-.0023422,,,Adjust for bounces & recent events,17:26:03 30 Oct 2020,40000
2020,President,polls-plus,10/30/2020,Trump,Biden,"",West Virginia,1,59.76568,35.54511,,,Polling average,17:26:03 30 Oct 2020,40000
2020,President,polls-plus,10/30/2020,Trump,Biden,"",West Virginia,10,.9888,.0112,,,Chance of winning,17:26:03 30 Oct 2020,40000
2020,President,polls-plus,10/30/2020,Trump,Biden,"",Washington,9,37.31413,60.58195,,,Projected vote share,17:26:03 30 Oct 2020,40000
2020,President,polls-plus,10/30/2020,Trump,Biden,"",Washington,8,40.94798,56.9481,,.0272714,Blend with economic fundamentals,17:26:03 30 Oct 2020,40000
2020,President,polls-plus,10/30/2020,Trump,Biden,"",Washington,7,37.20443,60.69165,,,Snapshot,17:26:03 30 Oct 2020,40000
2020,President,polls-plus,10/30/2020,Trump,Biden,"",Washington,6,36.27565,61.62043,,.3016365,Blend with regression,17:26:03 30 Oct 2020,40000
2020,President,polls-plus,10/30/2020,Trump,Biden,"",Washington,5,37.60558,60.2905,,,Reallocated vote share,17:26:03 30 Oct 2020,40000
2020,President,polls-plus,10/30/2020,Trump,Biden,"",Washington,4,1.835316,1.835312,,,Reallocate undecideds and third-party votes,17:26:03 30 Oct 2020,40000
2020,President,polls-plus,10/30/2020,Trump,Biden,"",Washington,3,35.77026,58.45519,,,Adjusted polling average,17:26:03 30 Oct 2020,40000
2020,President,polls-plus,10/30/2020,Trump,Biden,"",Washington,2,-.008976,.0058784,,,Adjust for bounces & recent events,17:26:03 30 Oct 2020,40000
2020,President,polls-plus,10/30/2020,Trump,Biden,"",Washington,1,35.77924,58.44931,,,Polling average,17:26:03 30 Oct 2020,40000
2020,President,polls-plus,10/30/2020,Trump,Biden,"",Washington,10,.0092,.9908,,,Chance of winning,17:26:03 30 Oct 2020,40000
2020,President,polls-plus,10/30/2020,Trump,Biden,"",Virginia,9,43.29674,55.76302,,,Projected vote share,17:26:03 30 Oct 2020,40000
2020,President,polls-plus,10/30/2020,Trump,Biden,"",Virginia,8,47.08664,51.97311,,.0272714,Blend with economic fundamentals,17:26:03 30 Oct 2020,40000
2020,President,polls-plus,10/30/2020,Trump,Biden,"",Virginia,7,43.19687,55.86289,,,Snapshot,17:26:03 30 Oct 2020,40000
2020,President,polls-plus,10/30/2020,Trump,Biden,"",Virginia,6,41.95166,57.1081,,.2971289,Blend with regression,17:26:03 30 Oct 2020,40000
2020,President,polls-plus,10/30/2020,Trump,Biden,"",Virginia,5,43.72326,55.3365,,,Reallocated vote share,17:26:03 30 Oct 2020,40000
2020,President,polls-plus,10/30/2020,Trump,Biden,"",Virginia,4,2.142887,2.142895,,,Reallocate undecideds and third-party votes,17:26:03 30 Oct 2020,40000
2020,President,polls-plus,10/30/2020,Trump,Biden,"",Virginia,3,41.58037,53.1936,,,Adjusted polling average,17:26:03 30 Oct 2020,40000
2020,President,polls-plus,10/30/2020,Trump,Biden,"",Virginia,2,-.0083771,-.0038338,,,Adjust for bounces & recent events,17:26:03 30 Oct 2020,40000
2020,President,polls-plus,10/30/2020,Trump,Biden,"",Virginia,1,41.58875,53.19744,,,Polling average,17:26:03 30 Oct 2020,40000
2020,President,polls-plus,10/30/2020,Trump,Biden,"",Virginia,10,.0095,.9905,,,Chance of winning,17:26:03 30 Oct 2020,40000
2020,President,polls-plus,10/30/2020,Trump,Biden,"",Vermont,9,30.66448,66.8683,,,Projected vote share,17:26:03 30 Oct 2020,40000
2020,President,polls-plus,10/30/2020,Trump,Biden,"",Vermont,8,34.04889,63.48389,,.0272714,Blend with economic fundamentals,17:26:03 30 Oct 2020,40000
2020,President,polls-plus,10/30/2020,Trump,Biden,"",Vermont,7,30.54636,66.98642,,,Snapshot,17:26:03 30 Oct 2020,40000
2020,President,polls-plus,10/30/2020,Trump,Biden,"",Vermont,6,29.69631,67.83646,,.4019967,Blend with regression,17:26:03 30 Oct 2020,40000
2020,President,polls-plus,10/30/2020,Trump,Biden,"",Vermont,5,31.11779,66.41499,,,Reallocated vote share,17:26:03 30 Oct 2020,40000
2020,President,polls-plus,10/30/2020,Trump,Biden,"",Vermont,4,1.79899,1.798996,,,Reallocate undecideds and third-party votes,17:26:03 30 Oct 2020,40000
2020,President,polls-plus,10/30/2020,Trump,Biden,"",Vermont,3,29.3188,64.616,,,Adjusted polling average,17:26:03 30 Oct 2020,40000
2020,President,polls-plus,10/30/2020,Trump,Biden,"",Vermont,2,.0038109,-.0152588,,,Adjust for bounces & recent events,17:26:03 30 Oct 2020,40000
2020,President,polls-plus,10/30/2020,Trump,Biden,"",Vermont,1,29.31499,64.63126,,,Polling average,17:26:03 30 Oct 2020,40000
2020,President,polls-plus,10/30/2020,Trump,Biden,"",Vermont,10,.00605,.99395,,,Chance of winning,17:26:03 30 Oct 2020,40000
2020,President,polls-plus,10/30/2020,Trump,Biden,"",Utah,9,55.95576,41.25835,,,Projected vote share,17:26:03 30 Oct 2020,40000
2020,President,polls-plus,10/30/2020,Trump,Biden,"",Utah,8,59.5825,37.6316,,.0272714,Blend with economic fundamentals,17:26:03 30 Oct 2020,40000
2020,President,polls-plus,10/30/2020,Trump,Biden,"",Utah,7,55.84805,41.36605,,,Snapshot,17:26:03 30 Oct 2020,40000
2020,President,polls-plus,10/30/2020,Trump,Biden,"",Utah,6,59.32293,37.89118,,.3263285,Blend with regression,17:26:03 30 Oct 2020,40000
2020,President,polls-plus,10/30/2020,Trump,Biden,"",Utah,5,54.16481,43.04929,,,Reallocated vote share,17:26:03 30 Oct 2020,40000
2020,President,polls-plus,10/30/2020,Trump,Biden,"",Utah,4,2.755226,2.755226,,,Reallocate undecideds and third-party votes,17:26:03 30 Oct 2020,40000
2020,President,polls-plus,10/30/2020,Trump,Biden,"",Utah,3,51.40958,40.29407,,,Adjusted polling average,17:26:03 30 Oct 2020,40000
2020,President,polls-plus,10/30/2020,Trump,Biden,"",Utah,2,-.0030632,-.0052223,,,Adjust for bounces & recent events,17:26:03 30 Oct 2020,40000
2020,President,polls-plus,10/30/2020,Trump,Biden,"",Utah,1,51.41264,40.29929,,,Polling average,17:26:03 30 Oct 2020,40000
2020,President,polls-plus,10/30/2020,Trump,Biden,"",Utah,10,.961025,.038975,,,Chance of winning,17:26:03 30 Oct 2020,40000
2020,President,polls-plus,10/30/2020,Trump,Biden,"",Texas,9,50.56839,48.47691,,,Projected vote share,17:26:03 30 Oct 2020,40000
2020,President,polls-plus,10/30/2020,Trump,Biden,"",Texas,8,54.36005,44.68525,,.0272714,Blend with economic fundamentals,17:26:03 30 Oct 2020,40000
2020,President,polls-plus,10/30/2020,Trump,Biden,"",Texas,7,50.45711,48.58819,,,Snapshot,17:26:03 30 Oct 2020,40000
2020,President,polls-plus,10/30/2020,Trump,Biden,"",Texas,6,52.45601,46.58929,,.1365606,Blend with regression,17:26:03 30 Oct 2020,40000
2020,President,polls-plus,10/30/2020,Trump,Biden,"",Texas,5,50.14096,48.90434,,,Reallocated vote share,17:26:03 30 Oct 2020,40000
2020,President,polls-plus,10/30/2020,Trump,Biden,"",Texas,4,2.014057,2.014057,,,Reallocate undecideds and third-party votes,17:26:03 30 Oct 2020,40000
2020,President,polls-plus,10/30/2020,Trump,Biden,"",Texas,3,48.12691,46.89028,,,Adjusted polling average,17:26:03 30 Oct 2020,40000
2020,President,polls-plus,10/30/2020,Trump,Biden,"",Texas,2,-.0032234,.0036049,,,Adjust for bounces & recent events,17:26:03 30 Oct 2020,40000
2020,President,polls-plus,10/30/2020,Trump,Biden,"",Texas,1,48.13013,46.88667,,,Polling average,17:26:03 30 Oct 2020,40000
2020,President,polls-plus,10/30/2020,Trump,Biden,"",Texas,10,.656425,.343575,,,Chance of winning,17:26:03 30 Oct 2020,40000
2020,President,polls-plus,10/30/2020,Trump,Biden,"",Tennessee,9,57.66248,41.30383,,,Projected vote share,17:26:03 30 Oct 2020,40000
2020,President,polls-plus,10/30/2020,Trump,Biden,"",Tennessee,8,61.34205,37.62427,,.0272714,Blend with economic fundamentals,17:26:03 30 Oct 2020,40000
2020,President,polls-plus,10/30/2020,Trump,Biden,"",Tennessee,7,57.55724,41.40908,,,Snapshot,17:26:03 30 Oct 2020,40000
2020,President,polls-plus,10/30/2020,Trump,Biden,"",Tennessee,6,58.71379,40.25253,,.5463789,Blend with regression,17:26:03 30 Oct 2020,40000
2020,President,polls-plus,10/30/2020,Trump,Biden,"",Tennessee,5,56.16418,42.80214,,,Reallocated vote share,17:26:03 30 Oct 2020,40000
2020,President,polls-plus,10/30/2020,Trump,Biden,"",Tennessee,4,1.761768,1.761768,,,Reallocate undecideds and third-party votes,17:26:03 30 Oct 2020,40000
2020,President,polls-plus,10/30/2020,Trump,Biden,"",Tennessee,3,54.40241,41.04037,,,Adjusted polling average,17:26:03 30 Oct 2020,40000
2020,President,polls-plus,10/30/2020,Trump,Biden,"",Tennessee,2,-.0830879,.0325928,,,Adjust for bounces & recent events,17:26:03 30 Oct 2020,40000
2020,President,polls-plus,10/30/2020,Trump,Biden,"",Tennessee,1,54.4855,41.00778,,,Polling average,17:26:03 30 Oct 2020,40000
2020,President,polls-plus,10/30/2020,Trump,Biden,"",Tennessee,10,.971225,.028775,,,Chance of winning,17:26:03 30 Oct 2020,40000
2020,President,polls-plus,10/30/2020,Trump,Biden,"",South Dakota,9,57.20636,41.35496,,,Projected vote share,17:26:03 30 Oct 2020,40000
2020,President,polls-plus,10/30/2020,Trump,Biden,"",South Dakota,8,60.87114,37.69019,,.0272714,Blend with economic fundamentals,17:26:03 30 Oct 2020,40000
2020,President,polls-plus,10/30/2020,Trump,Biden,"",South Dakota,7,57.09624,41.46508,,,Snapshot,17:26:03 30 Oct 2020,40000
2020,President,polls-plus,10/30/2020,Trump,Biden,"",South Dakota,6,58.96959,39.59173,,.3876036,Blend with regression,17:26:03 30 Oct 2020,40000
2020,President,polls-plus,10/30/2020,Trump,Biden,"",South Dakota,5,55.91055,42.65078,,,Reallocated vote share,17:26:03 30 Oct 2020,40000
2020,President,polls-plus,10/30/2020,Trump,Biden,"",South Dakota,4,2.795109,2.795109,,,Reallocate undecideds and third-party votes,17:26:03 30 Oct 2020,40000
2020,President,polls-plus,10/30/2020,Trump,Biden,"",South Dakota,3,53.11544,39.85567,,,Adjusted polling average,17:26:03 30 Oct 2020,40000
2020,President,polls-plus,10/30/2020,Trump,Biden,"",South Dakota,2,-.0282249,-.0113106,,,Adjust for bounces & recent events,17:26:03 30 Oct 2020,40000
2020,President,polls-plus,10/30/2020,Trump,Biden,"",South Dakota,1,53.14366,39.86698,,,Polling average,17:26:03 30 Oct 2020,40000
2020,President,polls-plus,10/30/2020,Trump,Biden,"",South Dakota,10,.9446,.0554,,,Chance of winning,17:26:03 30 Oct 2020,40000
2020,President,polls-plus,10/30/2020,Trump,Biden,"",South Carolina,9,53.69997,45.45322,,,Projected vote share,17:26:03 30 Oct 2020,40000
2020,President,polls-plus,10/30/2020,Trump,Biden,"",South Carolina,8,57.47728,41.67591,,.0272714,Blend with economic fundamentals,17:26:03 30 Oct 2020,40000
2020,President,polls-plus,10/30/2020,Trump,Biden,"",South Carolina,7,53.60431,45.54889,,,Snapshot,17:26:03 30 Oct 2020,40000
2020,President,polls-plus,10/30/2020,Trump,Biden,"",South Carolina,6,53.95205,45.20114,,.2782825,Blend with regression,17:26:03 30 Oct 2020,40000
2020,President,polls-plus,10/30/2020,Trump,Biden,"",South Carolina,5,53.47022,45.68297,,,Reallocated vote share,17:26:03 30 Oct 2020,40000
2020,President,polls-plus,10/30/2020,Trump,Biden,"",South Carolina,4,2.081078,2.081078,,,Reallocate undecideds and third-party votes,17:26:03 30 Oct 2020,40000
2020,President,polls-plus,10/30/2020,Trump,Biden,"",South Carolina,3,51.38914,43.60189,,,Adjusted polling average,17:26:03 30 Oct 2020,40000
2020,President,polls-plus,10/30/2020,Trump,Biden,"",South Carolina,2,-.0066261,-.0003586,,,Adjust for bounces & recent events,17:26:03 30 Oct 2020,40000
2020,President,polls-plus,10/30/2020,Trump,Biden,"",South Carolina,1,51.39577,43.60225,,,Polling average,17:26:03 30 Oct 2020,40000
2020,President,polls-plus,10/30/2020,Trump,Biden,"",South Carolina,10,.9152,.0848,,,Chance of winning,17:26:03 30 Oct 2020,40000
2020,President,polls-plus,10/30/2020,Trump,Biden,"",Rhode Island,9,35.28167,63.44505,,,Projected vote share,17:26:03 30 Oct 2020,40000
2020,President,polls-plus,10/30/2020,Trump,Biden,"",Rhode Island,8,38.86007,59.86666,,.0272714,Blend with economic fundamentals,17:26:03 30 Oct 2020,40000
2020,President,polls-plus,10/30/2020,Trump,Biden,"",Rhode Island,7,35.15315,63.57357,,,Snapshot,17:26:03 30 Oct 2020,40000
2020,President,polls-plus,10/30/2020,Trump,Biden,"",Rhode Island,6,36.40978,62.31694,,.6440401,Blend with regression,17:26:03 30 Oct 2020,40000
2020,President,polls-plus,10/30/2020,Trump,Biden,"",Rhode Island,5,32.87953,65.84719,,,Reallocated vote share,17:26:03 30 Oct 2020,40000
2020,President,polls-plus,10/30/2020,Trump,Biden,"",Rhode Island,4,1.169939,1.16993,,,Reallocate undecideds and third-party votes,17:26:03 30 Oct 2020,40000
2020,President,polls-plus,10/30/2020,Trump,Biden,"",Rhode Island,3,31.70959,64.67726,,,Adjusted polling average,17:26:03 30 Oct 2020,40000
2020,President,polls-plus,10/30/2020,Trump,Biden,"",Rhode Island,2,.0017147,-.0057831,,,Adjust for bounces & recent events,17:26:03 30 Oct 2020,40000
2020,President,polls-plus,10/30/2020,Trump,Biden,"",Rhode Island,1,31.70788,64.68304,,,Polling average,17:26:03 30 Oct 2020,40000
2020,President,polls-plus,10/30/2020,Trump,Biden,"",Rhode Island,10,.00065,.99935,,,Chance of winning,17:26:03 30 Oct 2020,40000
2020,President,polls-plus,10/30/2020,Trump,Biden,"",Pennsylvania,9,47.10521,52.20009,,,Projected vote share,17:26:03 30 Oct 2020,40000
2020,President,polls-plus,10/30/2020,Trump,Biden,"",Pennsylvania,8,50.92174,48.38356,,.0272714,Blend with economic fundamentals,17:26:03 30 Oct 2020,40000
2020,President,polls-plus,10/30/2020,Trump,Biden,"",Pennsylvania,7,46.99867,52.30663,,,Snapshot,17:26:03 30 Oct 2020,40000
2020,President,polls-plus,10/30/2020,Trump,Biden,"",Pennsylvania,6,45.74023,53.56506,,.0522555,Blend with regression,17:26:03 30 Oct 2020,40000
2020,President,polls-plus,10/30/2020,Trump,Biden,"",Pennsylvania,5,47.06806,52.23724,,,Reallocated vote share,17:26:03 30 Oct 2020,40000
2020,President,polls-plus,10/30/2020,Trump,Biden,"",Pennsylvania,4,2.04792,2.04792,,,Reallocate undecideds and third-party votes,17:26:03 30 Oct 2020,40000
2020,President,polls-plus,10/30/2020,Trump,Biden,"",Pennsylvania,3,45.02014,50.18932,,,Adjusted polling average,17:26:03 30 Oct 2020,40000
2020,President,polls-plus,10/30/2020,Trump,Biden,"",Pennsylvania,2,-.0059547,.003109,,,Adjust for bounces & recent events,17:26:03 30 Oct 2020,40000
2020,President,polls-plus,10/30/2020,Trump,Biden,"",Pennsylvania,1,45.02609,50.18621,,,Polling average,17:26:03 30 Oct 2020,40000
2020,President,polls-plus,10/30/2020,Trump,Biden,"",Pennsylvania,10,.14305,.85695,,,Chance of winning,17:26:03 30 Oct 2020,40000
2020,President,polls-plus,10/30/2020,Trump,Biden,"",Oregon,9,39.7499,58.19739,,,Projected vote share,17:26:03 30 Oct 2020,40000
2020,President,polls-plus,10/30/2020,Trump,Biden,"",Oregon,8,43.43731,54.50997,,.0272714,Blend with economic fundamentals,17:26:03 30 Oct 2020,40000
2020,President,polls-plus,10/30/2020,Trump,Biden,"",Oregon,7,39.63771,58.30958,,,Snapshot,17:26:03 30 Oct 2020,40000
2020,President,polls-plus,10/30/2020,Trump,Biden,"",Oregon,6,40.75562,57.19167,,.3686882,Blend with regression,17:26:03 30 Oct 2020,40000
2020,President,polls-plus,10/30/2020,Trump,Biden,"",Oregon,5,38.98484,58.96244,,,Reallocated vote share,17:26:03 30 Oct 2020,40000
2020,President,polls-plus,10/30/2020,Trump,Biden,"",Oregon,4,1.116512,1.116508,,,Reallocate undecideds and third-party votes,17:26:03 30 Oct 2020,40000
2020,President,polls-plus,10/30/2020,Trump,Biden,"",Oregon,3,37.86833,57.84594,,,Adjusted polling average,17:26:03 30 Oct 2020,40000
2020,President,polls-plus,10/30/2020,Trump,Biden,"",Oregon,2,-.0035629,-.0063782,,,Adjust for bounces & recent events,17:26:03 30 Oct 2020,40000
2020,President,polls-plus,10/30/2020,Trump,Biden,"",Oregon,1,37.87189,57.85231,,,Polling average,17:26:03 30 Oct 2020,40000
2020,President,polls-plus,10/30/2020,Trump,Biden,"",Oregon,10,.021825,.978175,,,Chance of winning,17:26:03 30 Oct 2020,40000
2020,President,polls-plus,10/30/2020,Trump,Biden,"",Oklahoma,9,61.68811,37.20027,,,Projected vote share,17:26:03 30 Oct 2020,40000
2020,President,polls-plus,10/30/2020,Trump,Biden,"",Oklahoma,8,65.25061,33.63777,,.0272714,Blend with economic fundamentals,17:26:03 30 Oct 2020,40000
2020,President,polls-plus,10/30/2020,Trump,Biden,"",Oklahoma,7,61.59166,37.29672,,,Snapshot,17:26:03 30 Oct 2020,40000
2020,President,polls-plus,10/30/2020,Trump,Biden,"",Oklahoma,6,64.39135,34.49703,,.3210635,Blend with regression,17:26:03 30 Oct 2020,40000
2020,President,polls-plus,10/30/2020,Trump,Biden,"",Oklahoma,5,60.26772,38.62067,,,Reallocated vote share,17:26:03 30 Oct 2020,40000
2020,President,polls-plus,10/30/2020,Trump,Biden,"",Oklahoma,4,1.994446,1.99445,,,Reallocate undecideds and third-party votes,17:26:03 30 Oct 2020,40000
2020,President,polls-plus,10/30/2020,Trump,Biden,"",Oklahoma,3,58.27327,36.62622,,,Adjusted polling average,17:26:03 30 Oct 2020,40000
2020,President,polls-plus,10/30/2020,Trump,Biden,"",Oklahoma,2,-.0633087,.0224686,,,Adjust for bounces & recent events,17:26:03 30 Oct 2020,40000
2020,President,polls-plus,10/30/2020,Trump,Biden,"",Oklahoma,1,58.33658,36.60375,,,Polling average,17:26:03 30 Oct 2020,40000
2020,President,polls-plus,10/30/2020,Trump,Biden,"",Oklahoma,10,.993125,.006875,,,Chance of winning,17:26:03 30 Oct 2020,40000
2020,President,polls-plus,10/30/2020,Trump,Biden,"",Ohio,9,49.80103,49.17733,,,Projected vote share,17:26:03 30 Oct 2020,40000
2020,President,polls-plus,10/30/2020,Trump,Biden,"",Ohio,8,53.59398,45.38438,,.0272714,Blend with economic fundamentals,17:26:03 30 Oct 2020,40000
2020,President,polls-plus,10/30/2020,Trump,Biden,"",Ohio,7,49.68904,49.28932,,,Snapshot,17:26:03 30 Oct 2020,40000
2020,President,polls-plus,10/30/2020,Trump,Biden,"",Ohio,6,48.47323,50.50513,,.1825042,Blend with regression,17:26:03 30 Oct 2020,40000
2020,President,polls-plus,10/30/2020,Trump,Biden,"",Ohio,5,49.96047,49.01789,,,Reallocated vote share,17:26:03 30 Oct 2020,40000
2020,President,polls-plus,10/30/2020,Trump,Biden,"",Ohio,4,2.707836,2.707832,,,Reallocate undecideds and third-party votes,17:26:03 30 Oct 2020,40000
2020,President,polls-plus,10/30/2020,Trump,Biden,"",Ohio,3,47.25264,46.31006,,,Adjusted polling average,17:26:03 30 Oct 2020,40000
2020,President,polls-plus,10/30/2020,Trump,Biden,"",Ohio,2,.002449,.0023575,,,Adjust for bounces & recent events,17:26:03 30 Oct 2020,40000
2020,President,polls-plus,10/30/2020,Trump,Biden,"",Ohio,1,47.25019,46.3077,,,Polling average,17:26:03 30 Oct 2020,40000
2020,President,polls-plus,10/30/2020,Trump,Biden,"",Ohio,10,.547475,.452525,,,Chance of winning,17:26:03 30 Oct 2020,40000
2020,President,polls-plus,10/30/2020,Trump,Biden,"",North Dakota,9,59.49534,38.03567,,,Projected vote share,17:26:03 30 Oct 2020,40000
2020,President,polls-plus,10/30/2020,Trump,Biden,"",North Dakota,8,63.03479,34.49622,,.0272714,Blend with economic fundamentals,17:26:03 30 Oct 2020,40000
2020,President,polls-plus,10/30/2020,Trump,Biden,"",North Dakota,7,59.38028,38.15073,,,Snapshot,17:26:03 30 Oct 2020,40000
2020,President,polls-plus,10/30/2020,Trump,Biden,"",North Dakota,6,62.56588,34.96513,,.4112774,Blend with regression,17:26:03 30 Oct 2020,40000
2020,President,polls-plus,10/30/2020,Trump,Biden,"",North Dakota,5,57.15485,40.37616,,,Reallocated vote share,17:26:03 30 Oct 2020,40000
2020,President,polls-plus,10/30/2020,Trump,Biden,"",North Dakota,4,1.333725,1.333725,,,Reallocate undecideds and third-party votes,17:26:03 30 Oct 2020,40000
2020,President,polls-plus,10/30/2020,Trump,Biden,"",North Dakota,3,55.82112,39.04243,,,Adjusted polling average,17:26:03 30 Oct 2020,40000
2020,President,polls-plus,10/30/2020,Trump,Biden,"",North Dakota,2,.0083885,-.0142899,,,Adjust for bounces & recent events,17:26:03 30 Oct 2020,40000
2020,President,polls-plus,10/30/2020,Trump,Biden,"",North Dakota,1,55.81273,39.05672,,,Polling average,17:26:03 30 Oct 2020,40000
2020,President,polls-plus,10/30/2020,Trump,Biden,"",North Dakota,10,.97955,.02045,,,Chance of winning,17:26:03 30 Oct 2020,40000
2020,President,polls-plus,10/30/2020,Trump,Biden,"",North Carolina,9,48.62017,50.65373,,,Projected vote share,17:26:03 30 Oct 2020,40000
2020,President,polls-plus,10/30/2020,Trump,Biden,"",North Carolina,8,52.43797,46.83593,,.0272714,Blend with economic fundamentals,17:26:03 30 Oct 2020,40000
2020,President,polls-plus,10/30/2020,Trump,Biden,"",North Carolina,7,48.51643,50.75747,,,Snapshot,17:26:03 30 Oct 2020,40000
2020,President,polls-plus,10/30/2020,Trump,Biden,"",North Carolina,6,48.68333,50.59057,,.033537,Blend with regression,17:26:03 30 Oct 2020,40000
2020,President,polls-plus,10/30/2020,Trump,Biden,"",North Carolina,5,48.51064,50.76326,,,Reallocated vote share,17:26:03 30 Oct 2020,40000
2020,President,polls-plus,10/30/2020,Trump,Biden,"",North Carolina,4,1.663151,1.663155,,,Reallocate undecideds and third-party votes,17:26:03 30 Oct 2020,40000
2020,President,polls-plus,10/30/2020,Trump,Biden,"",North Carolina,3,46.84748,49.10011,,,Adjusted polling average,17:26:03 30 Oct 2020,40000
2020,President,polls-plus,10/30/2020,Trump,Biden,"",North Carolina,2,-.0050392,.0012283,,,Adjust for bounces & recent events,17:26:03 30 Oct 2020,40000
2020,President,polls-plus,10/30/2020,Trump,Biden,"",North Carolina,1,46.85252,49.09888,,,Polling average,17:26:03 30 Oct 2020,40000
2020,President,polls-plus,10/30/2020,Trump,Biden,"",North Carolina,10,.34595,.65405,,,Chance of winning,17:26:03 30 Oct 2020,40000
2020,President,polls-plus,10/30/2020,Trump,Biden,"",New York,9,34.55518,64.44225,,,Projected vote share,17:26:03 30 Oct 2020,40000
2020,President,polls-plus,10/30/2020,Trump,Biden,"",New York,8,38.14872,60.84871,,.0272714,Blend with economic fundamentals,17:26:03 30 Oct 2020,40000
2020,President,polls-plus,10/30/2020,Trump,Biden,"",New York,7,34.45797,64.53945,,,Snapshot,17:26:03 30 Oct 2020,40000
2020,President,polls-plus,10/30/2020,Trump,Biden,"",New York,6,34.98795,64.00948,,.3621355,Blend with regression,17:26:03 30 Oct 2020,40000
2020,President,polls-plus,10/30/2020,Trump,Biden,"",New York,5,34.15709,64.84034,,,Reallocated vote share,17:26:03 30 Oct 2020,40000
2020,President,polls-plus,10/30/2020,Trump,Biden,"",New York,4,2.152351,2.152355,,,Reallocate undecideds and third-party votes,17:26:03 30 Oct 2020,40000
2020,President,polls-plus,10/30/2020,Trump,Biden,"",New York,3,32.00474,62.68798,,,Adjusted polling average,17:26:03 30 Oct 2020,40000
2020,President,polls-plus,10/30/2020,Trump,Biden,"",New York,2,.0550747,-.1557121,,,Adjust for bounces & recent events,17:26:03 30 Oct 2020,40000
2020,President,polls-plus,10/30/2020,Trump,Biden,"",New York,1,31.94966,62.8437,,,Polling average,17:26:03 30 Oct 2020,40000
2020,President,polls-plus,10/30/2020,Trump,Biden,"",New York,10,.000125,.999875,,,Chance of winning,17:26:03 30 Oct 2020,40000
2020,President,polls-plus,10/30/2020,Trump,Biden,"",New Mexico,9,42.86459,55.28844,,,Projected vote share,17:26:03 30 Oct 2020,40000
2020,President,polls-plus,10/30/2020,Trump,Biden,"",New Mexico,8,46.60139,51.55164,,.0272714,Blend with economic fundamentals,17:26:03 30 Oct 2020,40000
2020,President,polls-plus,10/30/2020,Trump,Biden,"",New Mexico,7,42.74781,55.40521,,,Snapshot,17:26:03 30 Oct 2020,40000
2020,President,polls-plus,10/30/2020,Trump,Biden,"",New Mexico,6,41.03495,57.11807,,.3173546,Blend with regression,17:26:03 30 Oct 2020,40000
2020,President,polls-plus,10/30/2020,Trump,Biden,"",New Mexico,5,43.54411,54.60891,,,Reallocated vote share,17:26:03 30 Oct 2020,40000
2020,President,polls-plus,10/30/2020,Trump,Biden,"",New Mexico,4,1.746338,1.746338,,,Reallocate undecideds and third-party votes,17:26:03 30 Oct 2020,40000
2020,President,polls-plus,10/30/2020,Trump,Biden,"",New Mexico,3,41.79777,52.86258,,,Adjusted polling average,17:26:03 30 Oct 2020,40000
2020,President,polls-plus,10/30/2020,Trump,Biden,"",New Mexico,2,-.2323456,.1011772,,,Adjust for bounces & recent events,17:26:03 30 Oct 2020,40000
2020,President,polls-plus,10/30/2020,Trump,Biden,"",New Mexico,1,42.03012,52.7614,,,Polling average,17:26:03 30 Oct 2020,40000
2020,President,polls-plus,10/30/2020,Trump,Biden,"",New Mexico,10,.030325,.969675,,,Chance of winning,17:26:03 30 Oct 2020,40000
2020,President,polls-plus,10/30/2020,Trump,Biden,"",New Jersey,9,38.86735,60.40958,,,Projected vote share,17:26:03 30 Oct 2020,40000
2020,President,polls-plus,10/30/2020,Trump,Biden,"",New Jersey,8,42.57873,56.69819,,.0272714,Blend with economic fundamentals,17:26:03 30 Oct 2020,40000
2020,President,polls-plus,10/30/2020,Trump,Biden,"",New Jersey,7,38.75739,60.51954,,,Snapshot,17:26:03 30 Oct 2020,40000
2020,President,polls-plus,10/30/2020,Trump,Biden,"",New Jersey,6,39.39149,59.88543,,.3377849,Blend with regression,17:26:03 30 Oct 2020,40000
2020,President,polls-plus,10/30/2020,Trump,Biden,"",New Jersey,5,38.43395,60.84298,,,Reallocated vote share,17:26:03 30 Oct 2020,40000
2020,President,polls-plus,10/30/2020,Trump,Biden,"",New Jersey,4,1.17897,1.178963,,,Reallocate undecideds and third-party votes,17:26:03 30 Oct 2020,40000
2020,President,polls-plus,10/30/2020,Trump,Biden,"",New Jersey,3,37.25498,59.66401,,,Adjusted polling average,17:26:03 30 Oct 2020,40000
2020,President,polls-plus,10/30/2020,Trump,Biden,"",New Jersey,2,-.0104065,-.0310287,,,Adjust for bounces & recent events,17:26:03 30 Oct 2020,40000
2020,President,polls-plus,10/30/2020,Trump,Biden,"",New Jersey,1,37.26538,59.69504,,,Polling average,17:26:03 30 Oct 2020,40000
2020,President,polls-plus,10/30/2020,Trump,Biden,"",New Jersey,10,.006325,.993675,,,Chance of winning,17:26:03 30 Oct 2020,40000
2020,President,polls-plus,10/30/2020,Trump,Biden,"",New Hampshire,9,44.17828,54.87611,,,Projected vote share,17:26:03 30 Oct 2020,40000
2020,President,polls-plus,10/30/2020,Trump,Biden,"",New Hampshire,8,47.93716,51.11724,,.0272714,Blend with economic fundamentals,17:26:03 30 Oct 2020,40000
2020,President,polls-plus,10/30/2020,Trump,Biden,"",New Hampshire,7,44.03913,55.01526,,,Snapshot,17:26:03 30 Oct 2020,40000
2020,President,polls-plus,10/30/2020,Trump,Biden,"",New Hampshire,6,44.73502,54.31938,,.2316625,Blend with regression,17:26:03 30 Oct 2020,40000
2020,President,polls-plus,10/30/2020,Trump,Biden,"",New Hampshire,5,43.82932,55.22508,,,Reallocated vote share,17:26:03 30 Oct 2020,40000
2020,President,polls-plus,10/30/2020,Trump,Biden,"",New Hampshire,4,1.267929,1.267929,,,Reallocate undecideds and third-party votes,17:26:03 30 Oct 2020,40000
2020,President,polls-plus,10/30/2020,Trump,Biden,"",New Hampshire,3,42.56139,53.95715,,,Adjusted polling average,17:26:03 30 Oct 2020,40000
2020,President,polls-plus,10/30/2020,Trump,Biden,"",New Hampshire,2,-.0036087,-.0029411,,,Adjust for bounces & recent events,17:26:03 30 Oct 2020,40000
2020,President,polls-plus,10/30/2020,Trump,Biden,"",New Hampshire,1,42.565,53.96009,,,Polling average,17:26:03 30 Oct 2020,40000
2020,President,polls-plus,10/30/2020,Trump,Biden,"",New Hampshire,10,.11125,.88875,,,Chance of winning,17:26:03 30 Oct 2020,40000
2020,President,polls-plus,10/30/2020,Trump,Biden,"",Nevada,9,45.67107,52.79881,,,Projected vote share,17:26:03 30 Oct 2020,40000
2020,President,polls-plus,10/30/2020,Trump,Biden,"",Nevada,8,49.44031,49.02957,,.0272714,Blend with economic fundamentals,17:26:03 30 Oct 2020,40000
2020,President,polls-plus,10/30/2020,Trump,Biden,"",Nevada,7,45.55346,52.91642,,,Snapshot,17:26:03 30 Oct 2020,40000
2020,President,polls-plus,10/30/2020,Trump,Biden,"",Nevada,6,43.73406,54.73582,,.2551381,Blend with regression,17:26:03 30 Oct 2020,40000
2020,President,polls-plus,10/30/2020,Trump,Biden,"",Nevada,5,46.17667,52.29321,,,Reallocated vote share,17:26:03 30 Oct 2020,40000
2020,President,polls-plus,10/30/2020,Trump,Biden,"",Nevada,4,2.620102,2.620106,,,Reallocate undecideds and third-party votes,17:26:03 30 Oct 2020,40000
2020,President,polls-plus,10/30/2020,Trump,Biden,"",Nevada,3,43.55656,49.67311,,,Adjusted polling average,17:26:03 30 Oct 2020,40000
2020,President,polls-plus,10/30/2020,Trump,Biden,"",Nevada,2,-.0018349,.0027351,,,Adjust for bounces & recent events,17:26:03 30 Oct 2020,40000
2020,President,polls-plus,10/30/2020,Trump,Biden,"",Nevada,1,43.5584,49.67037,,,Polling average,17:26:03 30 Oct 2020,40000
2020,President,polls-plus,10/30/2020,Trump,Biden,"",Nevada,10,.0944,.9056,,,Chance of winning,17:26:03 30 Oct 2020,40000
2020,President,polls-plus,10/30/2020,Trump,Biden,"",Nebraska,9,57.78874,40.51221,,,Projected vote share,17:26:03 30 Oct 2020,40000
2020,President,polls-plus,10/30/2020,Trump,Biden,"",Nebraska,8,61.42678,36.87416,,.0272714,Blend with economic fundamentals,17:26:03 30 Oct 2020,40000
2020,President,polls-plus,10/30/2020,Trump,Biden,"",Nebraska,7,57.70481,40.63757,,,Snapshot,17:26:03 30 Oct 2020,40000
2020,President,polls-plus,10/30/2020,Trump,Biden,"",Nebraska,6,58.54573,39.79665,,.5919955,Blend with regression,17:26:03 30 Oct 2020,40000
2020,President,polls-plus,10/30/2020,Trump,Biden,"",Nebraska,5,52.49491,45.84747,,,Reallocated vote share,17:26:03 30 Oct 2020,40000
2020,President,polls-plus,10/30/2020,Trump,Biden,"",Nebraska,4,1.553364,1.553368,,,Reallocate undecideds and third-party votes,17:26:03 30 Oct 2020,40000
2020,President,polls-plus,10/30/2020,Trump,Biden,"",Nebraska,3,50.94154,44.29411,,,Adjusted polling average,17:26:03 30 Oct 2020,40000
2020,President,polls-plus,10/30/2020,Trump,Biden,"",Nebraska,2,-.0226364,-.0349922,,,Adjust for bounces & recent events,17:26:03 30 Oct 2020,40000
2020,President,polls-plus,10/30/2020,Trump,Biden,"",Nebraska,1,50.96418,44.3291,,,Polling average,17:26:03 30 Oct 2020,40000
2020,President,polls-plus,10/30/2020,Trump,Biden,"",Nebraska,10,.992875,.007125,,,Chance of winning,17:26:03 30 Oct 2020,40000
2020,President,polls-plus,10/30/2020,Trump,Biden,"",NE-3,9,72.15742,25.69646,,,Projected vote share,17:26:03 30 Oct 2020,40000
2020,President,polls-plus,10/30/2020,Trump,Biden,"",NE-3,8,75.13052,22.72335,,.0272714,Blend with economic fundamentals,17:26:03 30 Oct 2020,40000
2020,President,polls-plus,10/30/2020,Trump,Biden,"",NE-3,7,72.06593,25.78794,,,Snapshot,17:26:03 30 Oct 2020,40000
2020,President,polls-plus,10/30/2020,Trump,Biden,"",NE-3,6,72.06593,25.78794,,1,Blend with regression,17:26:03 30 Oct 2020,40000
2020,President,polls-plus,10/30/2020,Trump,Biden,"",NE-3,5,,,,,Reallocated vote share,17:26:03 30 Oct 2020,40000
2020,President,polls-plus,10/30/2020,Trump,Biden,"",NE-3,4,,,,,Reallocate undecideds and third-party votes,17:26:03 30 Oct 2020,40000
2020,President,polls-plus,10/30/2020,Trump,Biden,"",NE-3,3,,,,,Adjusted polling average,17:26:03 30 Oct 2020,40000
2020,President,polls-plus,10/30/2020,Trump,Biden,"",NE-3,2,,,,,Adjust for bounces & recent events,17:26:03 30 Oct 2020,40000
2020,President,polls-plus,10/30/2020,Trump,Biden,"",NE-3,1,,,,,Polling average,17:26:03 30 Oct 2020,40000
2020,President,polls-plus,10/30/2020,Trump,Biden,"",NE-3,10,.9998,.0002,,,Chance of winning,17:26:03 30 Oct 2020,40000
2020,President,polls-plus,10/30/2020,Trump,Biden,"",NE-2,9,47.07201,51.61161,,,Projected vote share,17:26:03 30 Oct 2020,40000
2020,President,polls-plus,10/30/2020,Trump,Biden,"",NE-2,8,50.85572,47.8279,,.0272714,Blend with economic fundamentals,17:26:03 30 Oct 2020,40000
2020,President,polls-plus,10/30/2020,Trump,Biden,"",NE-2,7,46.95686,51.72676,,,Snapshot,17:26:03 30 Oct 2020,40000
2020,President,polls-plus,10/30/2020,Trump,Biden,"",NE-2,6,48.15709,50.52654,,.3981946,Blend with regression,17:26:03 30 Oct 2020,40000
2020,President,polls-plus,10/30/2020,Trump,Biden,"",NE-2,5,46.1627,52.52092,,,Reallocated vote share,17:26:03 30 Oct 2020,40000
2020,President,polls-plus,10/30/2020,Trump,Biden,"",NE-2,4,1.996109,1.996113,,,Reallocate undecideds and third-party votes,17:26:03 30 Oct 2020,40000
2020,President,polls-plus,10/30/2020,Trump,Biden,"",NE-2,3,44.1666,50.5248,,,Adjusted polling average,17:26:03 30 Oct 2020,40000
2020,President,polls-plus,10/30/2020,Trump,Biden,"",NE-2,2,-.0085716,-.001236,,,Adjust for bounces & recent events,17:26:03 30 Oct 2020,40000
2020,President,polls-plus,10/30/2020,Trump,Biden,"",NE-2,1,44.17517,50.52604,,,Polling average,17:26:03 30 Oct 2020,40000
2020,President,polls-plus,10/30/2020,Trump,Biden,"",NE-2,10,.2162,.7838,,,Chance of winning,17:26:03 30 Oct 2020,40000
2020,President,polls-plus,10/30/2020,Trump,Biden,"",NE-1,9,55.06963,43.26424,,,Projected vote share,17:26:03 30 Oct 2020,40000
2020,President,polls-plus,10/30/2020,Trump,Biden,"",NE-1,8,58.77542,39.55845,,.0272714,Blend with economic fundamentals,17:26:03 30 Oct 2020,40000
2020,President,polls-plus,10/30/2020,Trump,Biden,"",NE-1,7,54.9654,43.36847,,,Snapshot,17:26:03 30 Oct 2020,40000
2020,President,polls-plus,10/30/2020,Trump,Biden,"",NE-1,6,56.36462,41.96925,,.7278288,Blend with regression,17:26:03 30 Oct 2020,40000
2020,President,polls-plus,10/30/2020,Trump,Biden,"",NE-1,5,51.2237,47.11017,,,Reallocated vote share,17:26:03 30 Oct 2020,40000
2020,President,polls-plus,10/30/2020,Trump,Biden,"",NE-1,4,1.200661,1.200661,,,Reallocate undecideds and third-party votes,17:26:03 30 Oct 2020,40000
2020,President,polls-plus,10/30/2020,Trump,Biden,"",NE-1,3,50.02304,45.90951,,,Adjusted polling average,17:26:03 30 Oct 2020,40000
2020,President,polls-plus,10/30/2020,Trump,Biden,"",NE-1,2,-.3420181,.1404266,,,Adjust for bounces & recent events,17:26:03 30 Oct 2020,40000
2020,President,polls-plus,10/30/2020,Trump,Biden,"",NE-1,1,50.36506,45.76908,,,Polling average,17:26:03 30 Oct 2020,40000
2020,President,polls-plus,10/30/2020,Trump,Biden,"",NE-1,10,.9578,.0422,,,Chance of winning,17:26:03 30 Oct 2020,40000
2020,President,polls-plus,10/30/2020,Trump,Biden,"",Montana,9,52.70988,45.27832,,,Projected vote share,17:26:03 30 Oct 2020,40000
2020,President,polls-plus,10/30/2020,Trump,Biden,"",Montana,8,56.42941,41.55879,,.0272714,Blend with economic fundamentals,17:26:03 30 Oct 2020,40000
2020,President,polls-plus,10/30/2020,Trump,Biden,"",Montana,7,52.5965,45.39171,,,Snapshot,17:26:03 30 Oct 2020,40000
2020,President,polls-plus,10/30/2020,Trump,Biden,"",Montana,6,55.45608,42.53212,,.2715059,Blend with regression,17:26:03 30 Oct 2020,40000
2020,President,polls-plus,10/30/2020,Trump,Biden,"",Montana,5,51.53074,46.45746,,,Reallocated vote share,17:26:03 30 Oct 2020,40000
2020,President,polls-plus,10/30/2020,Trump,Biden,"",Montana,4,1.175823,1.175823,,,Reallocate undecideds and third-party votes,17:26:03 30 Oct 2020,40000
2020,President,polls-plus,10/30/2020,Trump,Biden,"",Montana,3,50.35492,45.28164,,,Adjusted polling average,17:26:03 30 Oct 2020,40000
2020,President,polls-plus,10/30/2020,Trump,Biden,"",Montana,2,-.1092262,.0390434,,,Adjust for bounces & recent events,17:26:03 30 Oct 2020,40000
2020,President,polls-plus,10/30/2020,Trump,Biden,"",Montana,1,50.46415,45.24259,,,Polling average,17:26:03 30 Oct 2020,40000
2020,President,polls-plus,10/30/2020,Trump,Biden,"",Montana,10,.85175,.14825,,,Chance of winning,17:26:03 30 Oct 2020,40000
2020,President,polls-plus,10/30/2020,Trump,Biden,"",Missouri,9,53.7346,44.938,,,Projected vote share,17:26:03 30 Oct 2020,40000
2020,President,polls-plus,10/30/2020,Trump,Biden,"",Missouri,8,57.47535,41.19725,,.0272714,Blend with economic fundamentals,17:26:03 30 Oct 2020,40000
2020,President,polls-plus,10/30/2020,Trump,Biden,"",Missouri,7,53.62543,45.04717,,,Snapshot,17:26:03 30 Oct 2020,40000
2020,President,polls-plus,10/30/2020,Trump,Biden,"",Missouri,6,55.47762,43.19498,,.3460301,Blend with regression,17:26:03 30 Oct 2020,40000
2020,President,polls-plus,10/30/2020,Trump,Biden,"",Missouri,5,52.6454,46.0272,,,Reallocated vote share,17:26:03 30 Oct 2020,40000
2020,President,polls-plus,10/30/2020,Trump,Biden,"",Missouri,4,1.408436,1.408436,,,Reallocate undecideds and third-party votes,17:26:03 30 Oct 2020,40000
2020,President,polls-plus,10/30/2020,Trump,Biden,"",Missouri,3,51.23697,44.61876,,,Adjusted polling average,17:26:03 30 Oct 2020,40000
2020,President,polls-plus,10/30/2020,Trump,Biden,"",Missouri,2,-.0585632,-.0112305,,,Adjust for bounces & recent events,17:26:03 30 Oct 2020,40000
2020,President,polls-plus,10/30/2020,Trump,Biden,"",Missouri,1,51.29553,44.62999,,,Polling average,17:26:03 30 Oct 2020,40000
2020,President,polls-plus,10/30/2020,Trump,Biden,"",Missouri,10,.921875,.078125,,,Chance of winning,17:26:03 30 Oct 2020,40000
2020,President,polls-plus,10/30/2020,Trump,Biden,"",Mississippi,9,56.68286,42.56307,,,Projected vote share,17:26:03 30 Oct 2020,40000
2020,President,polls-plus,10/30/2020,Trump,Biden,"",Mississippi,8,60.41984,38.82609,,.0272714,Blend with economic fundamentals,17:26:03 30 Oct 2020,40000
2020,President,polls-plus,10/30/2020,Trump,Biden,"",Mississippi,7,56.59785,42.64808,,,Snapshot,17:26:03 30 Oct 2020,40000
2020,President,polls-plus,10/30/2020,Trump,Biden,"",Mississippi,6,55.14758,44.09835,,.387682,Blend with regression,17:26:03 30 Oct 2020,40000
2020,President,polls-plus,10/30/2020,Trump,Biden,"",Mississippi,5,57.51607,41.72986,,,Reallocated vote share,17:26:03 30 Oct 2020,40000
2020,President,polls-plus,10/30/2020,Trump,Biden,"",Mississippi,4,2.374165,2.374165,,,Reallocate undecideds and third-party votes,17:26:03 30 Oct 2020,40000
2020,President,polls-plus,10/30/2020,Trump,Biden,"",Mississippi,3,55.14191,39.35569,,,Adjusted polling average,17:26:03 30 Oct 2020,40000
2020,President,polls-plus,10/30/2020,Trump,Biden,"",Mississippi,2,-.1561546,-.0376129,,,Adjust for bounces & recent events,17:26:03 30 Oct 2020,40000
2020,President,polls-plus,10/30/2020,Trump,Biden,"",Mississippi,1,55.29806,39.39331,,,Polling average,17:26:03 30 Oct 2020,40000
2020,President,polls-plus,10/30/2020,Trump,Biden,"",Mississippi,10,.910975,.089025,,,Chance of winning,17:26:03 30 Oct 2020,40000
2020,President,polls-plus,10/30/2020,Trump,Biden,"",Minnesota,9,45.18437,53.29532,,,Projected vote share,17:26:03 30 Oct 2020,40000
2020,President,polls-plus,10/30/2020,Trump,Biden,"",Minnesota,8,48.96023,49.51946,,.0272714,Blend with economic fundamentals,17:26:03 30 Oct 2020,40000
2020,President,polls-plus,10/30/2020,Trump,Biden,"",Minnesota,7,45.07542,53.40427,,,Snapshot,17:26:03 30 Oct 2020,40000
2020,President,polls-plus,10/30/2020,Trump,Biden,"",Minnesota,6,44.85307,53.62663,,.2564557,Blend with regression,17:26:03 30 Oct 2020,40000
2020,President,polls-plus,10/30/2020,Trump,Biden,"",Minnesota,5,45.15211,53.32759,,,Reallocated vote share,17:26:03 30 Oct 2020,40000
2020,President,polls-plus,10/30/2020,Trump,Biden,"",Minnesota,4,3.08387,3.083874,,,Reallocate undecideds and third-party votes,17:26:03 30 Oct 2020,40000
2020,President,polls-plus,10/30/2020,Trump,Biden,"",Minnesota,3,42.06824,50.24371,,,Adjusted polling average,17:26:03 30 Oct 2020,40000
2020,President,polls-plus,10/30/2020,Trump,Biden,"",Minnesota,2,.0016098,-.0008659,,,Adjust for bounces & recent events,17:26:03 30 Oct 2020,40000
2020,President,polls-plus,10/30/2020,Trump,Biden,"",Minnesota,1,42.06663,50.24458,,,Polling average,17:26:03 30 Oct 2020,40000
2020,President,polls-plus,10/30/2020,Trump,Biden,"",Minnesota,10,.065675,.934325,,,Chance of winning,17:26:03 30 Oct 2020,40000
2020,President,polls-plus,10/30/2020,Trump,Biden,"",Michigan,9,45.01774,53.93319,,,Projected vote share,17:26:03 30 Oct 2020,40000
2020,President,polls-plus,10/30/2020,Trump,Biden,"",Michigan,8,48.80681,50.14412,,.0272714,Blend with economic fundamentals,17:26:03 30 Oct 2020,40000
2020,President,polls-plus,10/30/2020,Trump,Biden,"",Michigan,7,44.90577,54.04517,,,Snapshot,17:26:03 30 Oct 2020,40000
2020,President,polls-plus,10/30/2020,Trump,Biden,"",Michigan,6,43.31096,55.63998,,.0635737,Blend with regression,17:26:03 30 Oct 2020,40000
2020,President,polls-plus,10/30/2020,Trump,Biden,"",Michigan,5,45.01404,53.9369,,,Reallocated vote share,17:26:03 30 Oct 2020,40000
2020,President,polls-plus,10/30/2020,Trump,Biden,"",Michigan,4,2.4879,2.487907,,,Reallocate undecideds and third-party votes,17:26:03 30 Oct 2020,40000
2020,President,polls-plus,10/30/2020,Trump,Biden,"",Michigan,3,42.52614,51.44899,,,Adjusted polling average,17:26:03 30 Oct 2020,40000
2020,President,polls-plus,10/30/2020,Trump,Biden,"",Michigan,2,.0015488,-.0071869,,,Adjust for bounces & recent events,17:26:03 30 Oct 2020,40000
2020,President,polls-plus,10/30/2020,Trump,Biden,"",Michigan,1,42.52459,51.45618,,,Polling average,17:26:03 30 Oct 2020,40000
2020,President,polls-plus,10/30/2020,Trump,Biden,"",Michigan,10,.03985,.96015,,,Chance of winning,17:26:03 30 Oct 2020,40000
2020,President,polls-plus,10/30/2020,Trump,Biden,"",Massachusetts,9,31.54802,66.95531,,,Projected vote share,17:26:03 30 Oct 2020,40000
2020,President,polls-plus,10/30/2020,Trump,Biden,"",Massachusetts,8,34.9969,63.50643,,.0272714,Blend with economic fundamentals,17:26:03 30 Oct 2020,40000
2020,President,polls-plus,10/30/2020,Trump,Biden,"",Massachusetts,7,31.43417,67.06916,,,Snapshot,17:26:03 30 Oct 2020,40000
2020,President,polls-plus,10/30/2020,Trump,Biden,"",Massachusetts,6,32.68795,65.81538,,.3524969,Blend with regression,17:26:03 30 Oct 2020,40000
2020,President,polls-plus,10/30/2020,Trump,Biden,"",Massachusetts,5,30.75162,67.75171,,,Reallocated vote share,17:26:03 30 Oct 2020,40000
2020,President,polls-plus,10/30/2020,Trump,Biden,"",Massachusetts,4,1.850574,1.850571,,,Reallocate undecideds and third-party votes,17:26:03 30 Oct 2020,40000
2020,President,polls-plus,10/30/2020,Trump,Biden,"",Massachusetts,3,28.90104,65.90114,,,Adjusted polling average,17:26:03 30 Oct 2020,40000
2020,President,polls-plus,10/30/2020,Trump,Biden,"",Massachusetts,2,.0521736,-.1408615,,,Adjust for bounces & recent events,17:26:03 30 Oct 2020,40000
2020,President,polls-plus,10/30/2020,Trump,Biden,"",Massachusetts,1,28.84887,66.042,,,Polling average,17:26:03 30 Oct 2020,40000
2020,President,polls-plus,10/30/2020,Trump,Biden,"",Massachusetts,10,.000525,.999475,,,Chance of winning,17:26:03 30 Oct 2020,40000
2020,President,polls-plus,10/30/2020,Trump,Biden,"",Maryland,9,34.46037,64.17622,,,Projected vote share,17:26:03 30 Oct 2020,40000
2020,President,polls-plus,10/30/2020,Trump,Biden,"",Maryland,8,38.05132,60.58527,,.0272714,Blend with economic fundamentals,17:26:03 30 Oct 2020,40000
2020,President,polls-plus,10/30/2020,Trump,Biden,"",Maryland,7,34.37263,64.26395,,,Snapshot,17:26:03 30 Oct 2020,40000
2020,President,polls-plus,10/30/2020,Trump,Biden,"",Maryland,6,33.7536,64.88299,,.3299209,Blend with regression,17:26:03 30 Oct 2020,40000
2020,President,polls-plus,10/30/2020,Trump,Biden,"",Maryland,5,34.67743,63.95916,,,Reallocated vote share,17:26:03 30 Oct 2020,40000
2020,President,polls-plus,10/30/2020,Trump,Biden,"",Maryland,4,2.495815,2.495815,,,Reallocate undecideds and third-party votes,17:26:03 30 Oct 2020,40000
2020,President,polls-plus,10/30/2020,Trump,Biden,"",Maryland,3,32.18161,61.46335,,,Adjusted polling average,17:26:03 30 Oct 2020,40000
2020,President,polls-plus,10/30/2020,Trump,Biden,"",Maryland,2,-.0145187,.0121307,,,Adjust for bounces & recent events,17:26:03 30 Oct 2020,40000
2020,President,polls-plus,10/30/2020,Trump,Biden,"",Maryland,1,32.19613,61.45122,,,Polling average,17:26:03 30 Oct 2020,40000
2020,President,polls-plus,10/30/2020,Trump,Biden,"",Maryland,10,.000575,.999425,,,Chance of winning,17:26:03 30 Oct 2020,40000
2020,President,polls-plus,10/30/2020,Trump,Biden,"",Maine,9,43.24825,55.31261,,,Projected vote share,17:26:03 30 Oct 2020,40000
2020,President,polls-plus,10/30/2020,Trump,Biden,"",Maine,8,46.99405,51.5668,,.0272714,Blend with economic fundamentals,17:26:03 30 Oct 2020,40000
2020,President,polls-plus,10/30/2020,Trump,Biden,"",Maine,7,43.16461,55.49293,,,Snapshot,17:26:03 30 Oct 2020,40000
2020,President,polls-plus,10/30/2020,Trump,Biden,"",Maine,6,44.08102,54.57652,,.2760238,Blend with regression,17:26:03 30 Oct 2020,40000
2020,President,polls-plus,10/30/2020,Trump,Biden,"",Maine,5,42.33328,56.32426,,,Reallocated vote share,17:26:03 30 Oct 2020,40000
2020,President,polls-plus,10/30/2020,Trump,Biden,"",Maine,4,2.598206,2.598206,,,Reallocate undecideds and third-party votes,17:26:03 30 Oct 2020,40000
2020,President,polls-plus,10/30/2020,Trump,Biden,"",Maine,3,39.73508,53.72605,,,Adjusted polling average,17:26:03 30 Oct 2020,40000
2020,President,polls-plus,10/30/2020,Trump,Biden,"",Maine,2,-.0011139,.0024261,,,Adjust for bounces & recent events,17:26:03 30 Oct 2020,40000
2020,President,polls-plus,10/30/2020,Trump,Biden,"",Maine,1,39.73619,53.72363,,,Polling average,17:26:03 30 Oct 2020,40000
2020,President,polls-plus,10/30/2020,Trump,Biden,"",Maine,10,.096675,.903325,,,Chance of winning,17:26:03 30 Oct 2020,40000
2020,President,polls-plus,10/30/2020,Trump,Biden,"",ME-2,9,48.54119,49.88091,,,Projected vote share,17:26:03 30 Oct 2020,40000
2020,President,polls-plus,10/30/2020,Trump,Biden,"",ME-2,8,52.30937,46.11272,,.0272714,Blend with economic fundamentals,17:26:03 30 Oct 2020,40000
2020,President,polls-plus,10/30/2020,Trump,Biden,"",ME-2,7,48.42229,49.99981,,,Snapshot,17:26:03 30 Oct 2020,40000
2020,President,polls-plus,10/30/2020,Trump,Biden,"",ME-2,6,50.16901,48.25309,,.3383818,Blend with regression,17:26:03 30 Oct 2020,40000
2020,President,polls-plus,10/30/2020,Trump,Biden,"",ME-2,5,47.82441,50.59769,,,Reallocated vote share,17:26:03 30 Oct 2020,40000
2020,President,polls-plus,10/30/2020,Trump,Biden,"",ME-2,4,2.640839,2.642456,,,Reallocate undecideds and third-party votes,17:26:03 30 Oct 2020,40000
2020,President,polls-plus,10/30/2020,Trump,Biden,"",ME-2,3,45.18357,47.95523,,,Adjusted polling average,17:26:03 30 Oct 2020,40000
2020,President,polls-plus,10/30/2020,Trump,Biden,"",ME-2,2,-.0010338,-.0060234,,,Adjust for bounces & recent events,17:26:03 30 Oct 2020,40000
2020,President,polls-plus,10/30/2020,Trump,Biden,"",ME-2,1,45.1846,47.96125,,,Polling average,17:26:03 30 Oct 2020,40000
2020,President,polls-plus,10/30/2020,Trump,Biden,"",ME-2,10,.441575,.558425,,,Chance of winning,17:26:03 30 Oct 2020,40000
2020,President,polls-plus,10/30/2020,Trump,Biden,"",ME-1,9,38.4714,60.21467,,,Projected vote share,17:26:03 30 Oct 2020,40000
2020,President,polls-plus,10/30/2020,Trump,Biden,"",ME-1,8,42.13411,56.55196,,.0272714,Blend with economic fundamentals,17:26:03 30 Oct 2020,40000
2020,President,polls-plus,10/30/2020,Trump,Biden,"",ME-1,7,38.33985,60.34622,,,Snapshot,17:26:03 30 Oct 2020,40000
2020,President,polls-plus,10/30/2020,Trump,Biden,"",ME-1,6,38.58521,60.10086,,.3442132,Blend with regression,17:26:03 30 Oct 2020,40000
2020,President,polls-plus,10/30/2020,Trump,Biden,"",ME-1,5,38.49846,60.18762,,,Reallocated vote share,17:26:03 30 Oct 2020,40000
2020,President,polls-plus,10/30/2020,Trump,Biden,"",ME-1,4,1.975178,1.985981,,,Reallocate undecideds and third-party votes,17:26:03 30 Oct 2020,40000
2020,President,polls-plus,10/30/2020,Trump,Biden,"",ME-1,3,36.52328,58.20164,,,Adjusted polling average,17:26:03 30 Oct 2020,40000
2020,President,polls-plus,10/30/2020,Trump,Biden,"",ME-1,2,-.0244217,.001152,,,Adjust for bounces & recent events,17:26:03 30 Oct 2020,40000
2020,President,polls-plus,10/30/2020,Trump,Biden,"",ME-1,1,36.5477,58.20049,,,Polling average,17:26:03 30 Oct 2020,40000
2020,President,polls-plus,10/30/2020,Trump,Biden,"",ME-1,10,.02575,.97425,,,Chance of winning,17:26:03 30 Oct 2020,40000
2020,President,polls-plus,10/30/2020,Trump,Biden,"",Louisiana,9,58.53579,40.65492,,,Projected vote share,17:26:03 30 Oct 2020,40000
2020,President,polls-plus,10/30/2020,Trump,Biden,"",Louisiana,8,62.21043,36.98028,,.0272714,Blend with economic fundamentals,17:26:03 30 Oct 2020,40000
2020,President,polls-plus,10/30/2020,Trump,Biden,"",Louisiana,7,58.43645,40.75426,,,Snapshot,17:26:03 30 Oct 2020,40000
2020,President,polls-plus,10/30/2020,Trump,Biden,"",Louisiana,6,57.04237,42.14835,,.3492888,Blend with regression,17:26:03 30 Oct 2020,40000
2020,President,polls-plus,10/30/2020,Trump,Biden,"",Louisiana,5,59.18476,40.00595,,,Reallocated vote share,17:26:03 30 Oct 2020,40000
2020,President,polls-plus,10/30/2020,Trump,Biden,"",Louisiana,4,2.645336,2.645332,,,Reallocate undecideds and third-party votes,17:26:03 30 Oct 2020,40000
2020,President,polls-plus,10/30/2020,Trump,Biden,"",Louisiana,3,56.53943,37.36062,,,Adjusted polling average,17:26:03 30 Oct 2020,40000
2020,President,polls-plus,10/30/2020,Trump,Biden,"",Louisiana,2,-.1167297,.0519829,,,Adjust for bounces & recent events,17:26:03 30 Oct 2020,40000
2020,President,polls-plus,10/30/2020,Trump,Biden,"",Louisiana,1,56.65616,37.30864,,,Polling average,17:26:03 30 Oct 2020,40000
2020,President,polls-plus,10/30/2020,Trump,Biden,"",Louisiana,10,.9654,.0346,,,Chance of winning,17:26:03 30 Oct 2020,40000
2020,President,polls-plus,10/30/2020,Trump,Biden,"",Kentucky,9,58.35619,40.4676,,,Projected vote share,17:26:03 30 Oct 2020,40000
2020,President,polls-plus,10/30/2020,Trump,Biden,"",Kentucky,8,62.00922,36.81457,,.0272714,Blend with economic fundamentals,17:26:03 30 Oct 2020,40000
2020,President,polls-plus,10/30/2020,Trump,Biden,"",Kentucky,7,58.25,40.57379,,,Snapshot,17:26:03 30 Oct 2020,40000
2020,President,polls-plus,10/30/2020,Trump,Biden,"",Kentucky,6,60.28362,38.54016,,.3438123,Blend with regression,17:26:03 30 Oct 2020,40000
2020,President,polls-plus,10/30/2020,Trump,Biden,"",Kentucky,5,57.18447,41.63932,,,Reallocated vote share,17:26:03 30 Oct 2020,40000
2020,President,polls-plus,10/30/2020,Trump,Biden,"",Kentucky,4,1.95216,1.95216,,,Reallocate undecideds and third-party votes,17:26:03 30 Oct 2020,40000
2020,President,polls-plus,10/30/2020,Trump,Biden,"",Kentucky,3,55.23231,39.68716,,,Adjusted polling average,17:26:03 30 Oct 2020,40000
2020,President,polls-plus,10/30/2020,Trump,Biden,"",Kentucky,2,-.0153008,.0048561,,,Adjust for bounces & recent events,17:26:03 30 Oct 2020,40000
2020,President,polls-plus,10/30/2020,Trump,Biden,"",Kentucky,1,55.24761,39.6823,,,Polling average,17:26:03 30 Oct 2020,40000
2020,President,polls-plus,10/30/2020,Trump,Biden,"",Kentucky,10,.984125,.015875,,,Chance of winning,17:26:03 30 Oct 2020,40000
2020,President,polls-plus,10/30/2020,Trump,Biden,"",Kansas,9,54.44764,43.78836,,,Projected vote share,17:26:03 30 Oct 2020,40000
2020,President,polls-plus,10/30/2020,Trump,Biden,"",Kansas,8,58.15245,40.08355,,.0272714,Blend with economic fundamentals,17:26:03 30 Oct 2020,40000
2020,President,polls-plus,10/30/2020,Trump,Biden,"",Kansas,7,54.33548,43.90052,,,Snapshot,17:26:03 30 Oct 2020,40000
2020,President,polls-plus,10/30/2020,Trump,Biden,"",Kansas,6,55.91184,42.32415,,.2681748,Blend with regression,17:26:03 30 Oct 2020,40000
2020,President,polls-plus,10/30/2020,Trump,Biden,"",Kansas,5,53.75783,44.47817,,,Reallocated vote share,17:26:03 30 Oct 2020,40000
2020,President,polls-plus,10/30/2020,Trump,Biden,"",Kansas,4,2.426285,2.426281,,,Reallocate undecideds and third-party votes,17:26:03 30 Oct 2020,40000
2020,President,polls-plus,10/30/2020,Trump,Biden,"",Kansas,3,51.33154,42.05189,,,Adjusted polling average,17:26:03 30 Oct 2020,40000
2020,President,polls-plus,10/30/2020,Trump,Biden,"",Kansas,2,-.0038185,.0003471,,,Adjust for bounces & recent events,17:26:03 30 Oct 2020,40000
2020,President,polls-plus,10/30/2020,Trump,Biden,"",Kansas,1,51.33536,42.05154,,,Polling average,17:26:03 30 Oct 2020,40000
2020,President,polls-plus,10/30/2020,Trump,Biden,"",Kansas,10,.96365,.03635,,,Chance of winning,17:26:03 30 Oct 2020,40000
2020,President,polls-plus,10/30/2020,Trump,Biden,"",Iowa,9,49.65454,49.05988,,,Projected vote share,17:26:03 30 Oct 2020,40000
2020,President,polls-plus,10/30/2020,Trump,Biden,"",Iowa,8,53.42528,45.28914,,.0272714,Blend with economic fundamentals,17:26:03 30 Oct 2020,40000
2020,President,polls-plus,10/30/2020,Trump,Biden,"",Iowa,7,49.53062,49.1838,,,Snapshot,17:26:03 30 Oct 2020,40000
2020,President,polls-plus,10/30/2020,Trump,Biden,"",Iowa,6,50.85004,47.86438,,.2021825,Blend with regression,17:26:03 30 Oct 2020,40000
2020,President,polls-plus,10/30/2020,Trump,Biden,"",Iowa,5,49.19626,49.51816,,,Reallocated vote share,17:26:03 30 Oct 2020,40000
2020,President,polls-plus,10/30/2020,Trump,Biden,"",Iowa,4,2.515869,2.515873,,,Reallocate undecideds and third-party votes,17:26:03 30 Oct 2020,40000
2020,President,polls-plus,10/30/2020,Trump,Biden,"",Iowa,3,46.68039,47.00229,,,Adjusted polling average,17:26:03 30 Oct 2020,40000
2020,President,polls-plus,10/30/2020,Trump,Biden,"",Iowa,2,-.0012093,.0050354,,,Adjust for bounces & recent events,17:26:03 30 Oct 2020,40000
2020,President,polls-plus,10/30/2020,Trump,Biden,"",Iowa,1,46.6816,46.99725,,,Polling average,17:26:03 30 Oct 2020,40000
2020,President,polls-plus,10/30/2020,Trump,Biden,"",Iowa,10,.54115,.45885,,,Chance of winning,17:26:03 30 Oct 2020,40000
2020,President,polls-plus,10/30/2020,Trump,Biden,"",Indiana,9,54.08144,44.56651,,,Projected vote share,17:26:03 30 Oct 2020,40000
2020,President,polls-plus,10/30/2020,Trump,Biden,"",Indiana,8,57.81654,40.83141,,.0272714,Blend with economic fundamentals,17:26:03 30 Oct 2020,40000
2020,President,polls-plus,10/30/2020,Trump,Biden,"",Indiana,7,53.9734,44.67456,,,Snapshot,17:26:03 30 Oct 2020,40000
2020,President,polls-plus,10/30/2020,Trump,Biden,"",Indiana,6,54.4065,44.24146,,.3337559,Blend with regression,17:26:03 30 Oct 2020,40000
2020,President,polls-plus,10/30/2020,Trump,Biden,"",Indiana,5,53.75644,44.89152,,,Reallocated vote share,17:26:03 30 Oct 2020,40000
2020,President,polls-plus,10/30/2020,Trump,Biden,"",Indiana,4,3.146206,3.146202,,,Reallocate undecideds and third-party votes,17:26:03 30 Oct 2020,40000
2020,President,polls-plus,10/30/2020,Trump,Biden,"",Indiana,3,50.61023,41.74532,,,Adjusted polling average,17:26:03 30 Oct 2020,40000
2020,President,polls-plus,10/30/2020,Trump,Biden,"",Indiana,2,.0068359,-.0037956,,,Adjust for bounces & recent events,17:26:03 30 Oct 2020,40000
2020,President,polls-plus,10/30/2020,Trump,Biden,"",Indiana,1,50.6034,41.74911,,,Polling average,17:26:03 30 Oct 2020,40000
2020,President,polls-plus,10/30/2020,Trump,Biden,"",Indiana,10,.94445,.05555,,,Chance of winning,17:26:03 30 Oct 2020,40000
2020,President,polls-plus,10/30/2020,Trump,Biden,"",Illinois,9,40.85463,57.76258,,,Projected vote share,17:26:03 30 Oct 2020,40000
2020,President,polls-plus,10/30/2020,Trump,Biden,"",Illinois,8,44.59133,54.02589,,.0272714,Blend with economic fundamentals,17:26:03 30 Oct 2020,40000
2020,President,polls-plus,10/30/2020,Trump,Biden,"",Illinois,7,40.75053,57.86669,,,Snapshot,17:26:03 30 Oct 2020,40000
2020,President,polls-plus,10/30/2020,Trump,Biden,"",Illinois,6,37.94868,60.66854,,.3620617,Blend with regression,17:26:03 30 Oct 2020,40000
2020,President,polls-plus,10/30/2020,Trump,Biden,"",Illinois,5,42.34072,56.2765,,,Reallocated vote share,17:26:03 30 Oct 2020,40000
2020,President,polls-plus,10/30/2020,Trump,Biden,"",Illinois,4,1.360649,1.360641,,,Reallocate undecideds and third-party votes,17:26:03 30 Oct 2020,40000
2020,President,polls-plus,10/30/2020,Trump,Biden,"",Illinois,3,40.98007,54.91586,,,Adjusted polling average,17:26:03 30 Oct 2020,40000
2020,President,polls-plus,10/30/2020,Trump,Biden,"",Illinois,2,-.0241508,.0074654,,,Adjust for bounces & recent events,17:26:03 30 Oct 2020,40000
2020,President,polls-plus,10/30/2020,Trump,Biden,"",Illinois,1,41.00422,54.90839,,,Polling average,17:26:03 30 Oct 2020,40000
2020,President,polls-plus,10/30/2020,Trump,Biden,"",Illinois,10,.0014,.9986,,,Chance of winning,17:26:03 30 Oct 2020,40000
2020,President,polls-plus,10/30/2020,Trump,Biden,"",Idaho,9,59.95924,37.31637,,,Projected vote share,17:26:03 30 Oct 2020,40000
2020,President,polls-plus,10/30/2020,Trump,Biden,"",Idaho,8,63.47012,33.80549,,.0272714,Blend with economic fundamentals,17:26:03 30 Oct 2020,40000
2020,President,polls-plus,10/30/2020,Trump,Biden,"",Idaho,7,59.84539,37.43022,,,Snapshot,17:26:03 30 Oct 2020,40000
2020,President,polls-plus,10/30/2020,Trump,Biden,"",Idaho,6,62.25348,35.02213,,.4093233,Blend with regression,17:26:03 30 Oct 2020,40000
2020,President,polls-plus,10/30/2020,Trump,Biden,"",Idaho,5,58.17665,39.09896,,,Reallocated vote share,17:26:03 30 Oct 2020,40000
2020,President,polls-plus,10/30/2020,Trump,Biden,"",Idaho,4,1.131516,1.131516,,,Reallocate undecideds and third-party votes,17:26:03 30 Oct 2020,40000
2020,President,polls-plus,10/30/2020,Trump,Biden,"",Idaho,3,57.04513,37.96745,,,Adjusted polling average,17:26:03 30 Oct 2020,40000
2020,President,polls-plus,10/30/2020,Trump,Biden,"",Idaho,2,-.1706276,-.0494347,,,Adjust for bounces & recent events,17:26:03 30 Oct 2020,40000
2020,President,polls-plus,10/30/2020,Trump,Biden,"",Idaho,1,57.21576,38.01688,,,Polling average,17:26:03 30 Oct 2020,40000
2020,President,polls-plus,10/30/2020,Trump,Biden,"",Idaho,10,.994475,.005525,,,Chance of winning,17:26:03 30 Oct 2020,40000
2020,President,polls-plus,10/30/2020,Trump,Biden,"",Hawaii,9,31.92335,66.56027,,,Projected vote share,17:26:03 30 Oct 2020,40000
2020,President,polls-plus,10/30/2020,Trump,Biden,"",Hawaii,8,35.38824,63.09539,,.0272714,Blend with economic fundamentals,17:26:03 30 Oct 2020,40000
2020,President,polls-plus,10/30/2020,Trump,Biden,"",Hawaii,7,31.81017,66.67346,,,Snapshot,17:26:03 30 Oct 2020,40000
2020,President,polls-plus,10/30/2020,Trump,Biden,"",Hawaii,6,28.90402,69.57961,,.3885192,Blend with regression,17:26:03 30 Oct 2020,40000
2020,President,polls-plus,10/30/2020,Trump,Biden,"",Hawaii,5,33.65665,64.82697,,,Reallocated vote share,17:26:03 30 Oct 2020,40000
2020,President,polls-plus,10/30/2020,Trump,Biden,"",Hawaii,4,2.252741,2.252743,,,Reallocate undecideds and third-party votes,17:26:03 30 Oct 2020,40000
2020,President,polls-plus,10/30/2020,Trump,Biden,"",Hawaii,3,31.40391,62.57423,,,Adjusted polling average,17:26:03 30 Oct 2020,40000
2020,President,polls-plus,10/30/2020,Trump,Biden,"",Hawaii,2,-.0094814,.0005417,,,Adjust for bounces & recent events,17:26:03 30 Oct 2020,40000
2020,President,polls-plus,10/30/2020,Trump,Biden,"",Hawaii,1,31.41339,62.57369,,,Polling average,17:26:03 30 Oct 2020,40000
2020,President,polls-plus,10/30/2020,Trump,Biden,"",Hawaii,10,.0082,.9918,,,Chance of winning,17:26:03 30 Oct 2020,40000
2020,President,polls-plus,10/30/2020,Trump,Biden,"",Georgia,9,49.17118,50.05725,,,Projected vote share,17:26:03 30 Oct 2020,40000
2020,President,polls-plus,10/30/2020,Trump,Biden,"",Georgia,8,52.99688,46.23155,,.0272714,Blend with economic fundamentals,17:26:03 30 Oct 2020,40000
2020,President,polls-plus,10/30/2020,Trump,Biden,"",Georgia,7,49.07879,50.14964,,,Snapshot,17:26:03 30 Oct 2020,40000
2020,President,polls-plus,10/30/2020,Trump,Biden,"",Georgia,6,51.13126,48.09717,,.1058161,Blend with regression,17:26:03 30 Oct 2020,40000
2020,President,polls-plus,10/30/2020,Trump,Biden,"",Georgia,5,48.83591,50.39252,,,Reallocated vote share,17:26:03 30 Oct 2020,40000
2020,President,polls-plus,10/30/2020,Trump,Biden,"",Georgia,4,2.033607,2.033607,,,Reallocate undecideds and third-party votes,17:26:03 30 Oct 2020,40000
2020,President,polls-plus,10/30/2020,Trump,Biden,"",Georgia,3,46.8023,48.35892,,,Adjusted polling average,17:26:03 30 Oct 2020,40000
2020,President,polls-plus,10/30/2020,Trump,Biden,"",Georgia,2,-.0023155,-.0082588,,,Adjust for bounces & recent events,17:26:03 30 Oct 2020,40000
2020,President,polls-plus,10/30/2020,Trump,Biden,"",Georgia,1,46.80462,48.36718,,,Polling average,17:26:03 30 Oct 2020,40000
2020,President,polls-plus,10/30/2020,Trump,Biden,"",Georgia,10,.42465,.57535,,,Chance of winning,17:26:03 30 Oct 2020,40000
2020,President,polls-plus,10/30/2020,Trump,Biden,"",Florida,9,48.57824,50.66668,,,Projected vote share,17:26:03 30 Oct 2020,40000
2020,President,polls-plus,10/30/2020,Trump,Biden,"",Florida,8,52.38444,46.86049,,.0272714,Blend with economic fundamentals,17:26:03 30 Oct 2020,40000
2020,President,polls-plus,10/30/2020,Trump,Biden,"",Florida,7,48.46396,50.78096,,,Snapshot,17:26:03 30 Oct 2020,40000
2020,President,polls-plus,10/30/2020,Trump,Biden,"",Florida,6,47.37999,51.86493,,.0451339,Blend with regression,17:26:03 30 Oct 2020,40000
2020,President,polls-plus,10/30/2020,Trump,Biden,"",Florida,5,48.51519,50.72973,,,Reallocated vote share,17:26:03 30 Oct 2020,40000
2020,President,polls-plus,10/30/2020,Trump,Biden,"",Florida,4,1.976311,1.976307,,,Reallocate undecideds and third-party votes,17:26:03 30 Oct 2020,40000
2020,President,polls-plus,10/30/2020,Trump,Biden,"",Florida,3,46.53888,48.75342,,,Adjusted polling average,17:26:03 30 Oct 2020,40000
2020,President,polls-plus,10/30/2020,Trump,Biden,"",Florida,2,-.0101929,.0043526,,,Adjust for bounces & recent events,17:26:03 30 Oct 2020,40000
2020,President,polls-plus,10/30/2020,Trump,Biden,"",Florida,1,46.54908,48.74907,,,Polling average,17:26:03 30 Oct 2020,40000
2020,President,polls-plus,10/30/2020,Trump,Biden,"",Florida,10,.343125,.656875,,,Chance of winning,17:26:03 30 Oct 2020,40000
2020,President,polls-plus,10/30/2020,Trump,Biden,"",District of Columbia,9,6.710818,90.07728,,,Projected vote share,17:26:03 30 Oct 2020,40000
2020,President,polls-plus,10/30/2020,Trump,Biden,"",District of Columbia,8,8.059753,88.72834,,.0272714,Blend with economic fundamentals,17:26:03 30 Oct 2020,40000
2020,President,polls-plus,10/30/2020,Trump,Biden,"",District of Columbia,7,6.688752,90.09934,,,Snapshot,17:26:03 30 Oct 2020,40000
2020,President,polls-plus,10/30/2020,Trump,Biden,"",District of Columbia,6,5.569147,91.21895,,.6375502,Blend with regression,17:26:03 30 Oct 2020,40000
2020,President,polls-plus,10/30/2020,Trump,Biden,"",District of Columbia,5,8.658134,88.12996,,,Reallocated vote share,17:26:03 30 Oct 2020,40000
2020,President,polls-plus,10/30/2020,Trump,Biden,"",District of Columbia,4,.3861961,.3861923,,,Reallocate undecideds and third-party votes,17:26:03 30 Oct 2020,40000
2020,President,polls-plus,10/30/2020,Trump,Biden,"",District of Columbia,3,8.271937,87.74377,,,Adjusted polling average,17:26:03 30 Oct 2020,40000
2020,President,polls-plus,10/30/2020,Trump,Biden,"",District of Columbia,2,-.0082598,-.0203705,,,Adjust for bounces & recent events,17:26:03 30 Oct 2020,40000
2020,President,polls-plus,10/30/2020,Trump,Biden,"",District of Columbia,1,8.280197,87.76414,,,Polling average,17:26:03 30 Oct 2020,40000
2020,President,polls-plus,10/30/2020,Trump,Biden,"",District of Columbia,10,0,1,,,Chance of winning,17:26:03 30 Oct 2020,40000
2020,President,polls-plus,10/30/2020,Trump,Biden,"",Delaware,9,36.57173,62.25813,,,Projected vote share,17:26:03 30 Oct 2020,40000
2020,President,polls-plus,10/30/2020,Trump,Biden,"",Delaware,8,40.22823,58.60163,,.0272714,Blend with economic fundamentals,17:26:03 30 Oct 2020,40000
2020,President,polls-plus,10/30/2020,Trump,Biden,"",Delaware,7,36.4783,62.35156,,,Snapshot,17:26:03 30 Oct 2020,40000
2020,President,polls-plus,10/30/2020,Trump,Biden,"",Delaware,6,35.45577,63.37409,,.3795496,Blend with regression,17:26:03 30 Oct 2020,40000
2020,President,polls-plus,10/30/2020,Trump,Biden,"",Delaware,5,37.10382,61.72604,,,Reallocated vote share,17:26:03 30 Oct 2020,40000
2020,President,polls-plus,10/30/2020,Trump,Biden,"",Delaware,4,2.713593,2.713593,,,Reallocate undecideds and third-party votes,17:26:03 30 Oct 2020,40000
2020,President,polls-plus,10/30/2020,Trump,Biden,"",Delaware,3,34.39022,59.01245,,,Adjusted polling average,17:26:03 30 Oct 2020,40000
2020,President,polls-plus,10/30/2020,Trump,Biden,"",Delaware,2,.0248871,-.0761871,,,Adjust for bounces & recent events,17:26:03 30 Oct 2020,40000
2020,President,polls-plus,10/30/2020,Trump,Biden,"",Delaware,1,34.36534,59.08864,,,Polling average,17:26:03 30 Oct 2020,40000
2020,President,polls-plus,10/30/2020,Trump,Biden,"",Delaware,10,.00005,.99995,,,Chance of winning,17:26:03 30 Oct 2020,40000
2020,President,polls-plus,10/30/2020,Trump,Biden,"",Connecticut,9,37.91797,61.18908,,,Projected vote share,17:26:03 30 Oct 2020,40000
2020,President,polls-plus,10/30/2020,Trump,Biden,"",Connecticut,8,41.59762,57.50943,,.0272714,Blend with economic fundamentals,17:26:03 30 Oct 2020,40000
2020,President,polls-plus,10/30/2020,Trump,Biden,"",Connecticut,7,37.80421,61.30284,,,Snapshot,17:26:03 30 Oct 2020,40000
2020,President,polls-plus,10/30/2020,Trump,Biden,"",Connecticut,6,39.32607,59.78098,,.3898184,Blend with regression,17:26:03 30 Oct 2020,40000
2020,President,polls-plus,10/30/2020,Trump,Biden,"",Connecticut,5,36.83196,62.27509,,,Reallocated vote share,17:26:03 30 Oct 2020,40000
2020,President,polls-plus,10/30/2020,Trump,Biden,"",Connecticut,4,4.511524,4.511524,,,Reallocate undecideds and third-party votes,17:26:03 30 Oct 2020,40000
2020,President,polls-plus,10/30/2020,Trump,Biden,"",Connecticut,3,32.32043,57.76357,,,Adjusted polling average,17:26:03 30 Oct 2020,40000
2020,President,polls-plus,10/30/2020,Trump,Biden,"",Connecticut,2,.0119781,.0086327,,,Adjust for bounces & recent events,17:26:03 30 Oct 2020,40000
2020,President,polls-plus,10/30/2020,Trump,Biden,"",Connecticut,1,32.30846,57.75494,,,Polling average,17:26:03 30 Oct 2020,40000
2020,President,polls-plus,10/30/2020,Trump,Biden,"",Connecticut,10,.00105,.99895,,,Chance of winning,17:26:03 30 Oct 2020,40000
2020,President,polls-plus,10/30/2020,Trump,Biden,"",Colorado,9,42.84314,55.37621,,,Projected vote share,17:26:03 30 Oct 2020,40000
2020,President,polls-plus,10/30/2020,Trump,Biden,"",Colorado,8,46.58199,51.63736,,.0272714,Blend with economic fundamentals,17:26:03 30 Oct 2020,40000
2020,President,polls-plus,10/30/2020,Trump,Biden,"",Colorado,7,42.72638,55.49297,,,Snapshot,17:26:03 30 Oct 2020,40000
2020,President,polls-plus,10/30/2020,Trump,Biden,"",Colorado,6,44.36963,53.84973,,.2213778,Blend with regression,17:26:03 30 Oct 2020,40000
2020,President,polls-plus,10/30/2020,Trump,Biden,"",Colorado,5,42.25918,55.96017,,,Reallocated vote share,17:26:03 30 Oct 2020,40000
2020,President,polls-plus,10/30/2020,Trump,Biden,"",Colorado,4,2.074181,2.074184,,,Reallocate undecideds and third-party votes,17:26:03 30 Oct 2020,40000
2020,President,polls-plus,10/30/2020,Trump,Biden,"",Colorado,3,40.185,53.88599,,,Adjusted polling average,17:26:03 30 Oct 2020,40000
2020,President,polls-plus,10/30/2020,Trump,Biden,"",Colorado,2,-.00457,-.0103569,,,Adjust for bounces & recent events,17:26:03 30 Oct 2020,40000
2020,President,polls-plus,10/30/2020,Trump,Biden,"",Colorado,1,40.18957,53.89634,,,Polling average,17:26:03 30 Oct 2020,40000
2020,President,polls-plus,10/30/2020,Trump,Biden,"",Colorado,10,.0289,.9711,,,Chance of winning,17:26:03 30 Oct 2020,40000
2020,President,polls-plus,10/30/2020,Trump,Biden,"",California,9,34.46006,63.68807,,,Projected vote share,17:26:03 30 Oct 2020,40000
2020,President,polls-plus,10/30/2020,Trump,Biden,"",California,8,38.02871,60.11942,,.0272714,Blend with economic fundamentals,17:26:03 30 Oct 2020,40000
2020,President,polls-plus,10/30/2020,Trump,Biden,"",California,7,34.36279,63.78534,,,Snapshot,17:26:03 30 Oct 2020,40000
2020,President,polls-plus,10/30/2020,Trump,Biden,"",California,6,33.06489,65.08324,,.2813187,Blend with regression,17:26:03 30 Oct 2020,40000
2020,President,polls-plus,10/30/2020,Trump,Biden,"",California,5,34.87083,63.2773,,,Reallocated vote share,17:26:03 30 Oct 2020,40000
2020,President,polls-plus,10/30/2020,Trump,Biden,"",California,4,2.218636,2.218636,,,Reallocate undecideds and third-party votes,17:26:03 30 Oct 2020,40000
2020,President,polls-plus,10/30/2020,Trump,Biden,"",California,3,32.65219,61.05866,,,Adjusted polling average,17:26:03 30 Oct 2020,40000
2020,President,polls-plus,10/30/2020,Trump,Biden,"",California,2,-.0126572,-.0003815,,,Adjust for bounces & recent events,17:26:03 30 Oct 2020,40000
2020,President,polls-plus,10/30/2020,Trump,Biden,"",California,1,32.66485,61.05904,,,Polling average,17:26:03 30 Oct 2020,40000
2020,President,polls-plus,10/30/2020,Trump,Biden,"",California,10,.002025,.997975,,,Chance of winning,17:26:03 30 Oct 2020,40000
2020,President,polls-plus,10/30/2020,Trump,Biden,"",Arkansas,9,61.41861,37.08015,,,Projected vote share,17:26:03 30 Oct 2020,40000
2020,President,polls-plus,10/30/2020,Trump,Biden,"",Arkansas,8,64.95876,33.54,,.0272714,Blend with economic fundamentals,17:26:03 30 Oct 2020,40000
2020,President,polls-plus,10/30/2020,Trump,Biden,"",Arkansas,7,61.31296,37.1858,,,Snapshot,17:26:03 30 Oct 2020,40000
2020,President,polls-plus,10/30/2020,Trump,Biden,"",Arkansas,6,60.37569,38.12306,,.3243139,Blend with regression,17:26:03 30 Oct 2020,40000
2020,President,polls-plus,10/30/2020,Trump,Biden,"",Arkansas,5,61.76283,36.73593,,,Reallocated vote share,17:26:03 30 Oct 2020,40000
2020,President,polls-plus,10/30/2020,Trump,Biden,"",Arkansas,4,1.694874,1.694874,,,Reallocate undecideds and third-party votes,17:26:03 30 Oct 2020,40000
2020,President,polls-plus,10/30/2020,Trump,Biden,"",Arkansas,3,60.06795,35.04106,,,Adjusted polling average,17:26:03 30 Oct 2020,40000
2020,President,polls-plus,10/30/2020,Trump,Biden,"",Arkansas,2,-.0968895,.0502052,,,Adjust for bounces & recent events,17:26:03 30 Oct 2020,40000
2020,President,polls-plus,10/30/2020,Trump,Biden,"",Arkansas,1,60.16484,34.99085,,,Polling average,17:26:03 30 Oct 2020,40000
2020,President,polls-plus,10/30/2020,Trump,Biden,"",Arkansas,10,.992875,.007125,,,Chance of winning,17:26:03 30 Oct 2020,40000
2020,President,polls-plus,10/30/2020,Trump,Biden,"",Arizona,9,47.98409,50.74163,,,Projected vote share,17:26:03 30 Oct 2020,40000
2020,President,polls-plus,10/30/2020,Trump,Biden,"",Arizona,8,51.76824,46.95748,,.0272714,Blend with economic fundamentals,17:26:03 30 Oct 2020,40000
2020,President,polls-plus,10/30/2020,Trump,Biden,"",Arizona,7,47.86774,50.85799,,,Snapshot,17:26:03 30 Oct 2020,40000
2020,President,polls-plus,10/30/2020,Trump,Biden,"",Arizona,6,48.16917,50.55655,,.1228971,Blend with regression,17:26:03 30 Oct 2020,40000
2020,President,polls-plus,10/30/2020,Trump,Biden,"",Arizona,5,47.8255,50.90022,,,Reallocated vote share,17:26:03 30 Oct 2020,40000
2020,President,polls-plus,10/30/2020,Trump,Biden,"",Arizona,4,2.19305,2.19305,,,Reallocate undecideds and third-party votes,17:26:03 30 Oct 2020,40000
2020,President,polls-plus,10/30/2020,Trump,Biden,"",Arizona,3,45.63245,48.70717,,,Adjusted polling average,17:26:03 30 Oct 2020,40000
2020,President,polls-plus,10/30/2020,Trump,Biden,"",Arizona,2,-.0026169,.0012817,,,Adjust for bounces & recent events,17:26:03 30 Oct 2020,40000
2020,President,polls-plus,10/30/2020,Trump,Biden,"",Arizona,1,45.63507,48.70589,,,Polling average,17:26:03 30 Oct 2020,40000
2020,President,polls-plus,10/30/2020,Trump,Biden,"",Arizona,10,.3134,.6866,,,Chance of winning,17:26:03 30 Oct 2020,40000
2020,President,polls-plus,10/30/2020,Trump,Biden,"",Alaska,9,53.07064,44.68092,,,Projected vote share,17:26:03 30 Oct 2020,40000
2020,President,polls-plus,10/30/2020,Trump,Biden,"",Alaska,8,56.77219,40.97937,,.0272714,Blend with economic fundamentals,17:26:03 30 Oct 2020,40000
2020,President,polls-plus,10/30/2020,Trump,Biden,"",Alaska,7,52.95561,44.79594,,,Snapshot,17:26:03 30 Oct 2020,40000
2020,President,polls-plus,10/30/2020,Trump,Biden,"",Alaska,6,53.70063,44.05092,,.3277717,Blend with regression,17:26:03 30 Oct 2020,40000
2020,President,polls-plus,10/30/2020,Trump,Biden,"",Alaska,5,52.59234,45.15921,,,Reallocated vote share,17:26:03 30 Oct 2020,40000
2020,President,polls-plus,10/30/2020,Trump,Biden,"",Alaska,4,1.764835,1.764832,,,Reallocate undecideds and third-party votes,17:26:03 30 Oct 2020,40000
2020,President,polls-plus,10/30/2020,Trump,Biden,"",Alaska,3,50.82751,43.39438,,,Adjusted polling average,17:26:03 30 Oct 2020,40000
2020,President,polls-plus,10/30/2020,Trump,Biden,"",Alaska,2,-.0160828,.0004044,,,Adjust for bounces & recent events,17:26:03 30 Oct 2020,40000
2020,President,polls-plus,10/30/2020,Trump,Biden,"",Alaska,1,50.84359,43.39397,,,Polling average,17:26:03 30 Oct 2020,40000
2020,President,polls-plus,10/30/2020,Trump,Biden,"",Alaska,10,.84305,.15695,,,Chance of winning,17:26:03 30 Oct 2020,40000
2020,President,polls-plus,10/30/2020,Trump,Biden,"",Alabama,9,59.43254,39.7782,,,Projected vote share,17:26:03 30 Oct 2020,40000
2020,President,polls-plus,10/30/2020,Trump,Biden,"",Alabama,8,63.09563,36.11512,,.0272714,Blend with economic fundamentals,17:26:03 30 Oct 2020,40000
2020,President,polls-plus,10/30/2020,Trump,Biden,"",Alabama,7,59.346,39.86474,,,Snapshot,17:26:03 30 Oct 2020,40000
2020,President,polls-plus,10/30/2020,Trump,Biden,"",Alabama,6,60.05104,39.1597,,.3604838,Blend with regression,17:26:03 30 Oct 2020,40000
2020,President,polls-plus,10/30/2020,Trump,Biden,"",Alabama,5,58.94858,40.26216,,,Reallocated vote share,17:26:03 30 Oct 2020,40000
2020,President,polls-plus,10/30/2020,Trump,Biden,"",Alabama,4,1.973351,1.973351,,,Reallocate undecideds and third-party votes,17:26:03 30 Oct 2020,40000
2020,President,polls-plus,10/30/2020,Trump,Biden,"",Alabama,3,56.97523,38.28881,,,Adjusted polling average,17:26:03 30 Oct 2020,40000
2020,President,polls-plus,10/30/2020,Trump,Biden,"",Alabama,2,-.006012,.0022736,,,Adjust for bounces & recent events,17:26:03 30 Oct 2020,40000
2020,President,polls-plus,10/30/2020,Trump,Biden,"",Alabama,1,56.98124,38.28654,,,Polling average,17:26:03 30 Oct 2020,40000
2020,President,polls-plus,10/30/2020,Trump,Biden,"",Alabama,10,.98195,.01805,,,Chance of winning,17:26:03 30 Oct 2020,40000
